{"train_accuracy":51.26001602564103,"_runtime":35.659094,"test_accuracy":59.9,"_wandb":{"runtime":36},"loss":1.5145534249452444,"train_loss":1.5145534249452444,"_step":1,"epoch":1,"_timestamp":1.741842384786318e+09}