{"train_loss":1.4991866017851379,"_runtime":36.207658,"_step":1,"_wandb":{"runtime":36},"loss":1.4991866017851379,"test_accuracy":60.75,"train_accuracy":52.402,"epoch":1,"_timestamp":1.741841561739375e+09}