{"train_loss":0.44522440141957736,"_runtime":2188.0107744,"epoch":50,"_wandb":{"runtime":2188},"train_accuracy":90.828,"loss":0.44522440141957736,"test_accuracy":92.84,"_timestamp":1.741901846519762e+09,"_step":99}