{"test_accuracy":94.19,"_wandb":{"runtime":4502},"_step":299,"train_accuracy":99.966,"loss":0.01695560372870444,"train_loss":0.01695560372870444,"epoch":150,"_timestamp":1.741853065748991e+09,"_runtime":4501.6677919}