{"_runtime":35.9303235,"_wandb":{"runtime":36},"_timestamp":1.7418424467095385e+09,"train_accuracy":51.27804487179487,"_step":1,"loss":1.5085161392505353,"test_accuracy":62.96,"train_loss":1.5085161392505353,"epoch":1}